{"cameraMode":{"drawMode":0,"name":"Shaded","section":"Shading Mode"},"sceneLighting":true,"audioPlay":false,"sceneViewState":{"m_AlwaysRefresh":false,"showFog":true,"showSkybox":true,"showFlares":true,"showImageEffects":true,"showParticleSystems":true,"showVisualEffectGraphs":true,"m_FxEnabled":true},"in2DMode":false,"pivot":{"x":1.0211455821990967,"y":0.8448355197906494,"z":0.02964499592781067},"rotation":{"x":0.07448241859674454,"y":-0.7291168570518494,"z":0.08038761466741562,"w":0.6755620241165161},"size":1.4089387655258179,"orthographic":false}